{
    "0": {
        "mean": 0.3537867060428784,
        "std": 0.1849343773579044,
        "min": -1.0,
        "max": 2.0
    },
    "1": {
        "mean": 0.372904838673903,
        "std": 0.19727124284879785,
        "min": -1.0,
        "max": 2.0
    },
    "2": {
        "mean": 0.4381889008670894,
        "std": 0.20490095540551062,
        "min": -1.0,
        "max": 2.2243492603302
    },
    "3": {
        "mean": 0.41376157850011946,
        "std": 0.13884849734132987,
        "min": -1.0167453289031982,
        "max": 2.0
    },
    "4": {
        "mean": 0.3425940866339237,
        "std": 0.15200169796301968,
        "min": -1.0,
        "max": 2.0
    },
    "5": {
        "mean": 0.3335022037519376,
        "std": 0.2658272000890086,
        "min": -1.0,
        "max": 2.13043475151062
    },
    "6": {
        "mean": 0.27990018375592435,
        "std": 0.22059811605372892,
        "min": -1.222359538078308,
        "max": 2.0033843517303467
    },
    "7": {
        "mean": 0.4957462354049046,
        "std": 0.1598548075582107,
        "min": -1.0,
        "max": 2.0
    },
    "8": {
        "mean": 0.41701352488209503,
        "std": 0.26247467681580133,
        "min": -1.5,
        "max": 2.0
    },
    "9": {
        "mean": 0.8556296358262342,
        "std": 0.1734307465930697,
        "min": -1.0,
        "max": 2.049999952316284
    },
    "10": {
        "mean": 0.33734922511065646,
        "std": 0.19865179184614473,
        "min": -1.050370693206787,
        "max": 2.0
    },
    "11": {
        "mean": 0.3703378339826075,
        "std": 0.16406314761909382,
        "min": -1.0,
        "max": 2.0
    },
    "12": {
        "mean": 0.375818960867565,
        "std": 0.20902501270754495,
        "min": -1.0,
        "max": 2.0
    },
    "13": {
        "mean": 0.5438710571335503,
        "std": 0.14798050270358093,
        "min": -1.0,
        "max": 2.0
    },
    "14": {
        "mean": 0.35483427140951906,
        "std": 0.1548702915771735,
        "min": -1.0,
        "max": 2.0
    },
    "15": {
        "mean": 0.4283378575741841,
        "std": 0.21923090033235865,
        "min": -1.4588453769683838,
        "max": 2.4434778690338135
    },
    "16": {
        "mean": 0.47580029506877025,
        "std": 0.16373827948793562,
        "min": -1.0,
        "max": 2.0
    },
    "17": {
        "mean": 0.5422318307623738,
        "std": 0.17849383324639698,
        "min": -1.0,
        "max": 2.3499999046325684
    },
    "18": {
        "mean": 0.35839307725967257,
        "std": 0.18868427096810858,
        "min": -1.0,
        "max": 2.0756542682647705
    },
    "19": {
        "mean": 0.5426261280673882,
        "std": 0.22067700264457438,
        "min": -1.0,
        "max": 2.0
    },
    "20": {
        "mean": 0.29505001388283414,
        "std": 0.1908004734270881,
        "min": -1.0,
        "max": 2.0
    },
    "21": {
        "mean": 0.2239285281247878,
        "std": 0.18251552965329054,
        "min": -1.399999976158142,
        "max": 2.0
    },
    "22": {
        "mean": 0.4797150710682955,
        "std": 0.14839503450867672,
        "min": -1.0,
        "max": 2.0
    },
    "23": {
        "mean": 0.4329853599080376,
        "std": 0.2222131808176693,
        "min": -1.0868949890136719,
        "max": 2.5
    },
    "24": {
        "mean": 0.48458429006303294,
        "std": 0.07250454378729974,
        "min": -1.0,
        "max": 2.0
    },
    "25": {
        "mean": 0.5477843596999086,
        "std": 0.12024015359052936,
        "min": -1.0,
        "max": 2.0
    },
    "26": {
        "mean": 0.4840962764704085,
        "std": 0.25967996232909246,
        "min": -1.217789649963379,
        "max": 2.4145753383636475
    },
    "27": {
        "mean": 0.4399649785779488,
        "std": 0.21443086814653456,
        "min": -1.0,
        "max": 2.0
    },
    "28": {
        "mean": 0.6413803952624265,
        "std": 0.2598497574411914,
        "min": -1.0,
        "max": 2.220606803894043
    },
    "29": {
        "mean": 0.40436038907867894,
        "std": 0.30878517539890193,
        "min": -1.4999998807907104,
        "max": 2.5
    },
    "30": {
        "mean": 0.5430606276412638,
        "std": 0.2833073016394964,
        "min": -1.401130199432373,
        "max": 2.486086368560791
    },
    "31": {
        "mean": 0.4260969386574176,
        "std": 0.15714807430378477,
        "min": -1.0,
        "max": 2.0867674350738525
    },
    "32": {
        "mean": 0.41235448331565805,
        "std": 0.21007409662455917,
        "min": -1.0,
        "max": 2.0
    },
    "33": {
        "mean": 0.512034519879058,
        "std": 0.13842175501575918,
        "min": -1.0,
        "max": 2.0
    },
    "34": {
        "mean": 0.3948533986667983,
        "std": 0.14637633278511664,
        "min": -1.0,
        "max": 2.0
    },
    "35": {
        "mean": 0.43740154509616663,
        "std": 0.14969945761904735,
        "min": -1.0,
        "max": 2.0
    },
    "36": {
        "mean": 0.2770090455260668,
        "std": 0.18205193957877733,
        "min": -1.0,
        "max": 2.0
    },
    "37": {
        "mean": 0.3909410707467198,
        "std": 0.17139105011746156,
        "min": -1.0,
        "max": 2.0
    },
    "38": {
        "mean": 0.4822909541403572,
        "std": 0.1488754012859607,
        "min": -1.0,
        "max": 2.0
    },
    "39": {
        "mean": 0.47563366172886623,
        "std": 0.1677391480569265,
        "min": -1.0,
        "max": 2.0
    },
    "40": {
        "mean": 0.5335675682340426,
        "std": 0.16683704737013252,
        "min": -1.0,
        "max": 2.2147464752197266
    },
    "41": {
        "mean": 0.5458283970289179,
        "std": 0.16756471759935002,
        "min": -1.0,
        "max": 2.0
    },
    "42": {
        "mean": 0.5316511830353531,
        "std": 0.14735508553183885,
        "min": -1.0,
        "max": 2.0
    },
    "43": {
        "mean": 0.42971517543978993,
        "std": 0.15138365776576004,
        "min": -1.0,
        "max": 2.0
    },
    "44": {
        "mean": 0.477568333608535,
        "std": 0.15564080355104098,
        "min": -1.0,
        "max": 2.5
    },
    "45": {
        "mean": 0.4924418721654723,
        "std": 0.1275265529368436,
        "min": -1.0,
        "max": 2.0
    },
    "46": {
        "mean": 0.35527059317756055,
        "std": 0.16197062472649804,
        "min": -1.0,
        "max": 2.0
    },
    "47": {
        "mean": 0.6906697195437743,
        "std": 0.21645868782802838,
        "min": -1.0,
        "max": 2.0
    },
    "48": {
        "mean": 0.5332331051056679,
        "std": 0.27556357832053735,
        "min": -1.0,
        "max": 2.5
    },
    "49": {
        "mean": 0.4395189246044671,
        "std": 0.2910835624391692,
        "min": -1.4075472354888916,
        "max": 2.4347825050354004
    },
    "50": {
        "mean": 0.33720872838112576,
        "std": 0.18877800032123013,
        "min": -1.0,
        "max": 2.421010732650757
    },
    "51": {
        "mean": 0.42660946374895026,
        "std": 0.16299955468466049,
        "min": -1.0,
        "max": 2.0
    },
    "52": {
        "mean": 0.5405890430053877,
        "std": 0.17274459308367104,
        "min": -1.0,
        "max": 2.0
    },
    "53": {
        "mean": 0.45365355324977996,
        "std": 0.2270298112742255,
        "min": -1.0,
        "max": 2.1080434322357178
    }
}